{
  "id": "3001085",
  "name": "db_final",
  "font_family": "iconfont",
  "css_prefix_text": "icon-",
  "description": "",
  "glyphs": [
    {
      "icon_id": "627385",
      "name": "错误",
      "font_class": "cuowu",
      "unicode": "e641",
      "unicode_decimal": 58945
    },
    {
      "icon_id": "10048837",
      "name": "缩小",
      "font_class": "suoxiao",
      "unicode": "e622",
      "unicode_decimal": 58914
    },
    {
      "icon_id": "19644572",
      "name": "最大化",
      "font_class": "zuidahua",
      "unicode": "e645",
      "unicode_decimal": 58949
    },
    {
      "icon_id": "2093026",
      "name": "password",
      "font_class": "password",
      "unicode": "e82b",
      "unicode_decimal": 59435
    },
    {
      "icon_id": "4766293",
      "name": "user",
      "font_class": "user",
      "unicode": "e7ae",
      "unicode_decimal": 59310
    }
  ]
}
